filename,label
c4000.jpg,3
c4001.jpg,3
c4002.jpg,3
c4003.jpg,3
c4004.jpg,3
c4005.jpg,3
c4006.jpg,3
c4007.jpg,3
c4008.jpg,3
c4009.jpg,3
c4010.jpg,3
c4011.jpg,3
c4012.jpg,3
c4013.jpg,3
c4014.jpg,3
c4015.jpg,3
c4016.jpg,3
c4017.jpg,3
c4018.jpg,3
c4019.jpg,3
c4020.jpg,3
c4021.jpg,3
c4022.jpg,3
c4023.jpg,3
c4024.jpg,3
c4025.jpg,3
c4026.jpg,3
c4027.jpg,3
c4028.jpg,3
c4029.jpg,3
c4030.jpg,3
c4031.jpg,3
c4032.jpg,3
c4033.jpg,3
c4034.jpg,3
c4035.jpg,3
c4036.jpg,3
c4037.jpg,3
c4038.jpg,3
c4039.jpg,3
c4040.jpg,3
c4041.jpg,3
c4042.jpg,3
c4043.jpg,3
c4044.jpg,3
c4045.jpg,3
c4046.jpg,3
c4047.jpg,3
c4048.jpg,3
c4049.jpg,3
c4050.jpg,3
c4051.jpg,3
c4052.jpg,3
c4053.jpg,3
c4054.jpg,3
c4055.jpg,3
c4056.jpg,3
c4057.jpg,3
c4058.jpg,3
c4059.jpg,3
c4060.jpg,3
c4061.jpg,3
c4062.jpg,3
c4063.jpg,3
c4064.jpg,3
c4065.jpg,3
c4066.jpg,3
c4067.jpg,3
c4068.jpg,3
c4069.jpg,3
c4070.jpg,3
c4071.jpg,3
c4072.jpg,3
c4073.jpg,3
c4074.jpg,3
c4075.jpg,3
c4076.jpg,3
c4077.jpg,3
c4078.jpg,3
c4079.jpg,3
c4080.jpg,3
c4081.jpg,3
c4082.jpg,3
c4083.jpg,3
c4084.jpg,3
c4085.jpg,3
c4086.jpg,3
c4087.jpg,3
c4088.jpg,3
c4089.jpg,3
c4090.jpg,3
c4091.jpg,3
c4092.jpg,3
c4093.jpg,3
c4094.jpg,3
c4095.jpg,3
c4096.jpg,3
c4097.jpg,3
c4098.jpg,3
c4099.jpg,3
c4100.jpg,3
c4101.jpg,3
c4102.jpg,3
c4103.jpg,3
c4104.jpg,3
c4105.jpg,3
c4106.jpg,3
c4107.jpg,3
c4108.jpg,3
c4109.jpg,3
c4110.jpg,3
c4111.jpg,3
c4112.jpg,3
c4113.jpg,3
c4114.jpg,3
c4115.jpg,3
c4116.jpg,3
c4117.jpg,3
c4118.jpg,3
c4119.jpg,3
c4120.jpg,3
c4121.jpg,3
c4122.jpg,3
c4123.jpg,3
c4124.jpg,3
c4125.jpg,3
c4126.jpg,3
c4127.jpg,3
c4128.jpg,3
c4129.jpg,3
c4130.jpg,3
c4131.jpg,3
c4132.jpg,3
c4133.jpg,3
c4134.jpg,3
c4135.jpg,3
c4136.jpg,3
c4137.jpg,3
c4138.jpg,3
c4139.jpg,3
c4140.jpg,3
c4141.jpg,3
c4142.jpg,3
c4143.jpg,3
c4144.jpg,3
c4145.jpg,3
c4146.jpg,3
c4147.jpg,3
c4148.jpg,3
c4149.jpg,3
